MVP32-3/3031;1
HGV1;1
GA2-S;1
MVP100-1HCK/8082;1
MVP25-1SD/2021;1
MVP13-2/1011;1
HGV1;1
GA1-S;1
MVP32-4AK/3131;1
HGV1;1
GA1-S;1
MVP32-3/3031;1
HGV1;1
GA2-S;1
MVP100-1HCK/8082;1
MVP25-1SD/2021;1
MVP13-2/1011;1
HGV1;1
GA1-S;1
MVP32-4AK/3131;1
HGV1;1
GA1-S;1
MVP25-3/2021;1
HGV1;1
GA2-S;1
HCK5D/5;1
GS200C;1
GS200C;1
MVP25-1SD/2021;1
MVP13-2/1011;1
HGV1;1
GA1-S;1
MVP32-4AK/3131;1
HGV1;1
GA1-S;1
MVP25-3/2021;1
HGV1;1
GA2-S;1
HCK5D/5;1
GS200C;1
GS200C;1
MVP25-1SD/2021;1
MVP13-2/1011;1
HGV1;1
GA1-S;1
MVP32-4AK/3131;1
HGV1;1
GA1-S;1
MVP25-3/2021;1
HGV1;1
GA2-S;1
HCK5D/5;1
GS200C;1
GS200C;1
MVP25-1SD/2021;1
MVP13-2/1011;1
HGV1;1
GA1-S;1
MVP32-4AK/3131;1
HGV1;1
GA1-S;1
MVP25-3/2021;1
HGV1;1
GA2-S;1
HCK5D/5;1
GS200C;1
GS200C;1
MVP25-1SD/2021;1
MVP13-2/1011;1
HGV1;1
GA1-S;1
MVP32-4AK/3131;1
HGV1;1
GA1-S;1
MVP20-3/0001;1
HGV1;1
GA2-S;1
HCK5D/4;1
GS150C;1
GS150C;1
MVP20-1SD/0001;1
MVP13-2/1011;1
HGV1;1
GA1-S;1
MVP20-4AK/0101;1
HGV1;1
MVP32-4AK/3131;1
MVP20-3/0001;1
HGV1;1
GA2-S;1
HCK5D/4;1
GS150C;1
GS150C;1
MVP20-1SD/0001;1
MVP13-2/1011;1
HGV1;1
GA1-S;1
MVP32-4AK/3131;1
HGV1;1
GA1-S;1
MVP13-1/1001;1
MVP13-1/1001;1
MVP13-1/1001;1
MVP13-1/1001;1
MVP13-1/1001;1
HGV1;1
HGV1;1
GSB126H;1
ASB050H;1
HT200HN;1
AW301H;1
AW301H;1
AW301H;1
AW301H;1
GS200H;1
HA2BK-13;1
GSB051H;1
GSB051H;1
GS200H;1
HA2BK-13;1
GSB051H;1
GSB051H;1
GS200H;1
HA2BK-13;1
GSB051H;1
GSB051H;1
GS200H;1
HA2BK-13;1
GSB051H;1
GSB051H;1
GSB051H;1
GSB051H;1
GW402H;1
GW251H;1
AW402H;1
GW251H;1
GW251H;1
50-2647;1
ASB050H;1
H5601/250-P;1
H5601/250-P;1
H8021;1
HGV1;1
GA1-S;1
ASB050H;1
GW301H;1
GW301H;1
GSB051C;1
GW251H;1
H1100-R;5
GSB076H;2
50-2647;1
ASB050H;1
H5601/250-P;2
H8021;1
HGV1;1
GA1-S;1
ASB050H;1
50-2647;1
ASB050H;1
MVP50-2SD/5062;1
RW201H;1
AS200C;1
AS200C;1
027H7141;1
027H9077;1
018F6813;2
027B0980;1
027B1130;2
GW600C;1
GW200C;1
GSB126H;1
GSB126H;1
H1100-R;4
ASB050H;1
50-2647;1
HGV1;1
GA1-S;1
HLL;1
HLL;1
HLL;1
VLT-08F;1
GSB051H;1
RSB051H;1
ASB050H;1
50-2647;1
H5601/250-P;1
H5601/250-P;1
H8021;1
MVP25-2SD/2021;1
RWB101H;1
ASB100C;1
ASB100C;1
GW800C;1
GW800C;1
GSB126H;2
H1100-R;3
VLT-08F;1
HLL;1
HLL;1
HLL;1
HGV1;1
GA1-S;1
ASB050H;1
50-2647;1
AW402C;1
AW402C;1
148B6009;1
148B6009;1
148B6021;1
148B6021;1
1643AB;1
1643AB;1
HGV1;1
HGV1;1
HSCK200C;1
HSCK200C;1
GS200C;1
HGV1;1
GA1-S;1
ASB050C;1
GSB101C;1
GSB101C;1
H5601/250-P;1
HCK4-2;1
ASB050H;1
50-2647;1
VSB075C;1
HCK4-2;1
H5601/250-P;1
H5601/250-P;1
H8021;1
ASB050H;1
50-2647;1
HA4AL/A1;1
MVP25-2SD/2021;1
RWB101H;1
ASB100C;1
ASB100C;1
GW800C;1
GW800C;1
GSB126H;1
GSB126H;1
H1100-R;3
VLT-08F;1
HLL;1
HLL;1
HLL;1
HGV1;1
GA1-S;1
ASB050H;1
50-2647;1
AW402C;1
AW402C;1
148B6009;1
148B6009;1
148B6021;1
148B6021;1
HGV1;1
148B6021;1
1643AB;1
1643AB;1
HSCK200C;1
HSCK200C;1
GS200C;1
GS200C;1
HGV1;1
HGV1;1
GA1-S;1
GA1-S;1
ASB050C;1
GSB101C;1
GSB101C;1
H5601/250-P;1
HCK4-2;1
ASB050H;1
50-2647;1
VSB075C;1
HCK4-2;1
H5601/250-P;1
H5601/250-P;1
H8021;1
ASB050H;1
50-2647;1
GSB076C;1
HA4AL/A1;1
ASB125H;1
AS150H;1
ASB050H;1
50-2647;1
ASB125H;1
AS150H;1
ASB050H;1
50-2647;1
ST200;1
HGV1;1
MCV80;1
HGV1;1
GA1-S;1
AS251C;1
AS251C;1
HCK1/6;1
HGV1;1
GA2-S;1
AS200H;1
AS251H;1
ASB050H;1
50-2647;1
AS200H;1
AS251H;1
ASB050H;1
50-2647;1
HGV1;1
HGV1;1
AS200H;1
UK100;6
HKS100/075;6
UK100;6
HKS100/075;6
UK100;6
HKS100/075;6
ASB050H;4
;
